{"cameraMode":{"drawMode":0,"name":"Shaded","section":"Shading Mode"},"sceneLighting":false,"audioPlay":false,"sceneViewState":{"showFog":true,"showMaterialUpdate":false,"showSkybox":false,"showFlares":true,"showImageEffects":true,"showParticleSystems":true},"in2DMode":false,"pivot":{"x":-2.950728416442871,"y":0.9499999284744263,"z":2.753225803375244},"rotation":{"x":0.6515820622444153,"y":0.07021839916706085,"z":-0.060776084661483768,"w":0.7528778910636902},"size":16.421525955200197,"orthographic":false}