{"cameraMode":{"drawMode":0,"name":"Shaded","section":"Shading Mode"},"sceneLighting":true,"audioPlay":false,"sceneViewState":{"showFog":true,"showMaterialUpdate":false,"showSkybox":true,"showFlares":true,"showImageEffects":true,"showParticleSystems":true},"in2DMode":false,"pivot":{"x":10.605677604675293,"y":0.3431129455566406,"z":-2.0808990001678469},"rotation":{"x":0.6515820622444153,"y":0.07021839916706085,"z":-0.060776084661483768,"w":0.7528778910636902},"size":15.709623336791993,"orthographic":false}