{"cameraMode":{"drawMode":0,"name":"Shaded","section":"Shading Mode"},"sceneLighting":true,"audioPlay":false,"sceneViewState":{"showFog":true,"showMaterialUpdate":false,"showSkybox":true,"showFlares":true,"showImageEffects":true,"showParticleSystems":true},"in2DMode":false,"pivot":{"x":2.4940185546875,"y":0.55078125,"z":0.82958984375},"rotation":{"x":0.7482346892356873,"y":0.002981949830427766,"z":-0.003371750470250845,"w":0.6634321808815002},"size":18.102991104125978,"orthographic":true}