{"cameraMode":{"drawMode":0,"name":"Shaded","section":"Shading Mode"},"sceneLighting":true,"audioPlay":false,"sceneViewState":{"showFog":true,"showMaterialUpdate":false,"showSkybox":true,"showFlares":true,"showImageEffects":true,"showParticleSystems":true},"in2DMode":false,"pivot":{"x":9.460023880004883,"y":1.7576208114624024,"z":4.9959540367126469},"rotation":{"x":0.6369974613189697,"y":0.020805656909942628,"z":-0.01720307767391205,"w":0.7703933119773865},"size":4.02286958694458,"orthographic":false}