{"cameraMode":{"drawMode":0,"name":"Shaded","section":"Shading Mode"},"sceneLighting":false,"audioPlay":false,"sceneViewState":{"showFog":true,"showMaterialUpdate":false,"showSkybox":false,"showFlares":true,"showImageEffects":true,"showParticleSystems":true},"in2DMode":false,"pivot":{"x":-4.396430015563965,"y":54.59653854370117,"z":-4.765040874481201},"rotation":{"x":0.6076319217681885,"y":0.054679859429597858,"z":-0.04199690744280815,"w":0.7912254929542542},"size":20.040220260620118,"orthographic":false}