{"cameraMode":{"drawMode":0,"name":"Shaded","section":"Shading Mode"},"sceneLighting":true,"audioPlay":false,"sceneViewState":{"showFog":true,"showMaterialUpdate":false,"showSkybox":true,"showFlares":true,"showImageEffects":true,"showParticleSystems":true},"in2DMode":false,"pivot":{"x":567.621337890625,"y":208.84848022460938,"z":256.15911865234377},"rotation":{"x":0.2669598460197449,"y":-0.11959998309612274,"z":0.03340930864214897,"w":0.9556741118431091},"size":1401.0972900390625,"orthographic":false}