{"cameraMode":{"drawMode":0,"name":"Shaded","section":"Shading Mode"},"sceneLighting":true,"audioPlay":false,"sceneViewState":{"showFog":true,"showMaterialUpdate":false,"showSkybox":true,"showFlares":true,"showImageEffects":true,"showParticleSystems":true},"in2DMode":false,"pivot":{"x":10.741765975952149,"y":-0.7007331848144531,"z":3.558321237564087},"rotation":{"x":0.6382834315299988,"y":-0.013854296877980233,"z":0.011490339413285256,"w":0.7695946097373962},"size":12.879132270812989,"orthographic":false}