{"cameraMode":{"drawMode":0,"name":"Shaded","section":"Shading Mode"},"sceneLighting":true,"audioPlay":false,"sceneViewState":{"showFog":true,"showMaterialUpdate":false,"showSkybox":true,"showFlares":true,"showImageEffects":true,"showParticleSystems":true},"in2DMode":false,"pivot":{"x":1.8710215091705323,"y":0.5094623565673828,"z":3.2216286659240724},"rotation":{"x":0.6515820622444153,"y":0.07021839916706085,"z":-0.060776084661483768,"w":0.7528778910636902},"size":31.366859436035158,"orthographic":false}