{"cameraMode":{"drawMode":0,"name":"Shaded","section":"Shading Mode"},"sceneLighting":false,"audioPlay":false,"sceneViewState":{"showFog":true,"showMaterialUpdate":false,"showSkybox":false,"showFlares":true,"showImageEffects":true,"showParticleSystems":true},"in2DMode":false,"pivot":{"x":0.0,"y":0.6147058010101318,"z":-0.13227450847625733},"rotation":{"x":0.13734334707260133,"y":-0.7906158566474915,"z":0.19222058355808259,"w":0.5649033188819885},"size":4.686602592468262,"orthographic":false}