{"cameraMode":{"drawMode":0,"name":"Shaded","section":"Shading Mode"},"sceneLighting":false,"audioPlay":false,"sceneViewState":{"showFog":true,"showMaterialUpdate":false,"showSkybox":false,"showFlares":true,"showImageEffects":true,"showParticleSystems":true},"in2DMode":false,"pivot":{"x":-2.950728416442871,"y":0.6952687501907349,"z":1.142411470413208},"rotation":{"x":0.5027799606323242,"y":0.03887142241001129,"z":-0.02264411561191082,"w":0.8632485270500183},"size":20.608964920043947,"orthographic":false}