{"cameraMode":{"drawMode":0,"name":"Shaded","section":"Shading Mode"},"sceneLighting":false,"audioPlay":false,"sceneViewState":{"showFog":true,"showMaterialUpdate":false,"showSkybox":false,"showFlares":true,"showImageEffects":true,"showParticleSystems":true},"in2DMode":false,"pivot":{"x":-6.380000114440918,"y":0.0,"z":-9.989999771118164},"rotation":{"x":0.7039162516593933,"y":0.002130786655470729,"z":-0.002111692214384675,"w":0.7102804183959961},"size":2.8578836917877199,"orthographic":false}